ID;nome;email
1;"João Silva";joao.silva@email.com
2;"Maria Santos";maria.santos@email.com
3;"Pedro Oliveira";pedro.oliveira@email.com
4;"Ana Costa";ana.costa@email.com
5;"Carlos Souza";carlos.souza@email.com
6;"Juliana Lima";juliana.lima@email.com
7;"Roberto Alves";roberto.alves@email.com
8;"Fernanda Rocha";fernanda.rocha@email.com
9;"Lucas Martins";lucas.martins@email.com
10;"Patrícia Ferreira";patricia.ferreira@email.com
11;"Ricardo Mendes";ricardo.mendes@email.com
12;"Camila Ribeiro";camila.ribeiro@email.com
